f224edf5b3c21bab3119e8c47230141dcdc6fb634b6c780779c4d8c20e137dc2	4036	Fury_Sound_Pack_v150.def	/Fury_Sound_Pack_v150.def
c6ac3ffe0c50f216d76c6d28bc01b1436c63915267a3e63475a45aae4ff844c4	169417	css/editor.css	/css/editor.css
6bb91218cbd4ad7c5532e4eeddb2978813285455e4dcf9af31491f08b597b543	491	css/legal.css	/css/legal.css
4f27cca46737e5778e7b7b87f3afb8e20dd5c690c5489e7adb49512526da0411	23904	css/waterfall.css	/css/waterfall.css
8d55f4bdbf99b1d98bb348d32fb17b60f95c502c699c17dcf0e56791f81c4743	52984	en/shell	/en/shell
776da95935619c387107e51c9b8969d7ef0f8dea0d07ddc6fa3810ad36cea11f	1150	favicon.ico	/favicon.ico
7388d82461620d75dc5c92cbdadcbf26b774fb34e929e05704dcdb446e21849e	46311	img/apple-touch-icon-180-v1.png	/img/apple-touch-icon-180-v1.png
eff0338fb9f9f14e17dfdd56c75723e5006c290e4cca5df398ee0ec5ab6e361b	51681	img/icon-192-v1.png	/img/icon-192-v1.png
428ddaae002f268a9912ea7b32bc75c87a720b393335a310c3490266f940c42d	270918	img/icon-512-v1.png	/img/icon-512-v1.png
0e5d53e56e20ec3b80b4df820fe959e5929d48a40fc8e38f1eee0ace5a3c754d	192540	img/icon-maskable-512-v1.png	/img/icon-maskable-512-v1.png
8457834209a8097e9434326c499dfcca9a5f6555b991f7069ec65d6f084d8689	57425	ja/shell	/ja/shell
c9680f004f51d1e12f2617ac92e30bb1a3b822433ad53a0ad1862821c7e0c39d	9570	js/account.js	/js/account.js
7f6241e14ee3412d0f91c95e6054f2c630069e7ac5ed407a56f0f4fc0fb91058	22866	js/bzip2.js	/js/bzip2.js
13b71ecefa729fef72715299b41f92a982a9017376e793f77dfdf48234b30210	15955	js/clipboard.js	/js/clipboard.js
6bdb8f458eedfaf9c6a45297f32b2d820cd3b70f100d4eceedeb3c88b1ab59cd	43991	js/config.js	/js/config.js
3a3753a167e5d6acb18e1d57191a68484e9e00c13af8ab1f7bc09ca52670298d	13441	js/engine.js	/js/engine.js
5dc7c3ce5ef8811a7f2a2bc66bbb261d81d7706590cee16a55728c501a4a16c3	22573	js/envaudio.js	/js/envaudio.js
4f260d241db7dd9c922578662d372b1f6cae4597e2287f0452f6055010a10bbd	9905	js/envlive.js	/js/envlive.js
43ade4469077fc0b454d5f286bafca81730138e746c827e11297f31b03f0439e	2441	js/envreverb-worklet.js	/js/envreverb-worklet.js
8006174ecd43bd62911ba15d19d6d888b82596cea11c5f2ef859fe1c8af9cf38	12456	js/envreverb.js	/js/envreverb.js
c5627dc49cc59f9577f036afa40bdebae1ad2d480c7c37e27e73be08bb593e3f	59005	js/filebox.js	/js/filebox.js
68fbaf2f6103ab902ecd4b145baea28ebf709ee0aabc54dd1718c9f5f77efcbc	2766	js/handoff.js	/js/handoff.js
66c0477727796f690e648fa7c835ac57d4148074314741bdbd79d5ad937a6b6a	6744	js/history.js	/js/history.js
a4cc0f2a7773f085f7212686781ada6e323a1cff0f2075f6f5318d96140464cd	63235	js/i18n/en.js	/js/i18n/en.js
bc1bbbc9b3ebbf07fb8815ad8fd6022cf3ca7fc3d8179d4b91ff1194f8c22a22	71684	js/i18n/ja.js	/js/i18n/ja.js
b5b276187e95ca7a7c311a4b4ad0e41a844403056f5f9c615da3b2b10f7da24c	68098	js/i18n/ko.js	/js/i18n/ko.js
f0b52cdf3e8f7ed432119e630945cb99052374f4829f06f7573cea41969da1fb	65986	js/i18n/zh-Hant.js	/js/i18n/zh-Hant.js
bdeed2111f0afb40ee074ad4b9c461f5589a843ac2e5ca7fab30ba6876f13e15	8876	js/i18n.js	/js/i18n.js
6f41940a69d02d1e541df51b58968e064670876b34c4c0374e8e0d6eb1974630	9122	js/instruments.js	/js/instruments.js
73f828683692fd00a6e1e9c6cb919c98f9dbdfa41396114c7b07268082484a51	4107	js/lang.js	/js/lang.js
644b72f74b4fafa73d59a272fe47640a29fe33f16013697e81f062d2622dfcbf	17355	js/library.js	/js/library.js
988f12bb3534ab2f8d9675a6d82713203bb8b2ab30b806143881b2294029ea3f	3470	js/main.js	/js/main.js
057dad51207c1731294dfdd97e14362a88380d443748e91b5b9f64050598d474	4286	js/marks.js	/js/marks.js
4da7b62bf7b2454986fa75d67ebb7e76c7284ee4f6f344ac0adfab4ff44ed0ea	7054	js/mediakeys.js	/js/mediakeys.js
591aca5d0ec742ce2e10d3591263bbebd5c57f3f44f41a806902f5465619465f	5372	js/meters.js	/js/meters.js
fedd88e56707197fdf2dded54a7fb018ac9e98db075dd13b8ccea7d12ae03da2	35889	js/midi-in.js	/js/midi-in.js
6b2754188996819172d26a1bd22808e7da81cc80def8476c15b15e0f5b80140f	4551	js/midi-out.js	/js/midi-out.js
bfbe7bf2cf1e31b804be733f3789c3a4d0558e428ccb8c3bfe3479a3737eb036	2378	js/midi.js	/js/midi.js
463fe2a4921fead8c12900230c05372fc926c1cb0286cd44ced7176fd88590ca	9873	js/mix-worker.js	/js/mix-worker.js
73b5523b9f0e11c1958bbf35271f16c1d4c1fe3669da14892fbf8a737d04b278	16832	js/mixdown.js	/js/mixdown.js
37e548988e5f7a1c4e7e12a207834c5ae231b3d98caf20ffeb530c6d94a68271	13528	js/mixmath.js	/js/mixmath.js
49ece427fd6bf485edd33cc7df15159a223a77825ab514e3a8f8a395fff54415	6988	js/mixnotes.js	/js/mixnotes.js
7123d2a0ad891a31c627cc375f4777a2e703882944c6897e48e5245866daddc5	26440	js/mixstage.js	/js/mixstage.js
7802d945c0a05cfaaffe202cf93a993e7caf0a858e6a6cbe4dc59826abde696b	103664	js/mml-compress.js	/js/mml-compress.js
d685228432de031aba63d60b2f9c4da6c807fbb68fabefec4e2c10b4f240c71a	23211	js/mml-ext.js	/js/mml-ext.js
4bb4770faa66ab30306b2191892b1d4400986aba30d057ef3dc6eb69930a79e4	11350	js/mml-highlight.js	/js/mml-highlight.js
af8550795235b2928aa9f0ee281e1b0936ea3912f9c8306eb2c00e9a6a6666dd	21090	js/mml-in.js	/js/mml-in.js
ea97a51d9a63d075e483cc4c72d55e05c9f2fd9361cf22286e5373b754a1ce9e	7968	js/mml-out.js	/js/mml-out.js
5bf958024cf8442a43c728e5745af8dc16e339155be34d695b86d7ccdd7c627d	20676	js/mml.js	/js/mml.js
f19c01778e93d87e362009c01c3020684e0632c0f58ba1339e0fcae0d6cfce87	2821	js/mp3-worker.js	/js/mp3-worker.js
10cce1eba8a5220b557f9eaea504fc8b5ad8ee47ef575f69b2e2eb3cd1b71bc3	21709	js/mp4.js	/js/mp4.js
860e2ac692d53f9c5ef0b5b39e4bafd0eecb9cf53261d7875f5cdf5298167946	29853	js/musicxml-in.js	/js/musicxml-in.js
74b7dd76d2f3f672c5d776cb986f03fbd3aba218bef99a69c22b0fd8f55408e1	3382	js/net.js	/js/net.js
194ba67c110e1d127413eca11ec124825e7e1028caa4d19e492e36ef5460180e	5550	js/offline.js	/js/offline.js
b9cfd4a6f36938797909eb407f97fea1e1a7b980fc6c7a57e5aee05afc9641d2	216527	js/pianoroll.js	/js/pianoroll.js
58661b5bf71df6d90c9a0d15add84a01f0e9ebd76015c9ec59a3f0489ece3de0	15898	js/player.js	/js/player.js
58bff5368327e571777c1d5f19b071c36429452511ce710312adcd3d88a48548	9009	js/pwa.js	/js/pwa.js
9d307ee7ad6276ff33621e94da977d07d727aebeae697bf90a3d315b4c3b0c17	50530	js/rolledit.js	/js/rolledit.js
7f69aca7a14338bf372288692ec84f6c2e0c452e75d8ac30defc13fa3d4e2dfd	21570	js/rolljoy.js	/js/rolljoy.js
5c168a9c2f7622a1a890303445948106b6a9d47209c412198d50aeec49a90bac	14549	js/rollmenu.js	/js/rollmenu.js
9918fcdb84c582b30fcd95c80a28eb174e9331ee098e8465017b139b7cd785c0	46641	js/savebox.js	/js/savebox.js
5a7deecba9c21a76ec707e677b87aef95f10e1e7f7acab159844621473853be4	12832	js/select.js	/js/select.js
7f9c003aa02b9f72246b690593830c99fa334076ff1bcc580a7a3e3c8a236aee	6919	js/share.js	/js/share.js
c29f9c75004027210e85896f92245ff45aa001dfe93337b6e8f170e36a585727	26238	js/sharebox.js	/js/sharebox.js
77bd50cb2f111026300ff65f5c4808c863c219fc0bb8dd9639ea5633f3a66992	14117	js/storage.js	/js/storage.js
2c516b744db31e0cf196507a11ddfd34f3842e6055aef51a919f7a47a97cc567	4361	js/strings.js	/js/strings.js
66cfa471f2b10668670a8031f29be16c3035f484f5ef9bf70cb7634e7e5fdccb	3204	js/theme.js	/js/theme.js
b547f456812ded35e4c1ad565e0a42f00ac18ee33a41f37b70de58a3623e1314	55282	js/tracks.js	/js/tracks.js
fe932eb38c92ceef2c1db4551bdd07146f37f8cd3a69a5b0ed44311c7baaa08d	234024	js/ui.js	/js/ui.js
dabdba9071e5cf3662d96c1419a07b58be67595e0fada5220541ee1bbf829746	7353	js/util.js	/js/util.js
ead4d788a025a07680f92ba91e108b99c6202995da3cb5bddc48e8e966e053b9	71062	js/video.js	/js/video.js
2ea315f1f1a014f180fdd0929c0674f56ed70c656e8aaa8559e0b798c6df0d0d	24628	js/voices.js	/js/voices.js
7fbf8bfa83182cf42e4b6c2765fb1eb2f7ce47868a036cf44d61ac3b329fe9d7	33529	js/waterfall.js	/js/waterfall.js
547ff60264524e1447764a391a697bc55b5c6de6a87bd59ed3caf1c43a71eb61	10960	js/websave.js	/js/websave.js
adee5e04935c78e8734cababb668737ac29be29b4fe24dd71856d8600d96097a	93764	js/wfstyles.js	/js/wfstyles.js
560121f2f1ec2612e11979fb1f40050dcbec312961ce5c541a8ed5ff08ba7e6f	7475	js/zip.js	/js/zip.js
7b13f0c531fda47d5dd09520374b38adbeaf9710bc2404b35e9b6186eac1bea9	55811	ko/shell	/ko/shell
5967d0b3d34d4241dbb7927c070448d04792bde5d6650fbb64020d63bf6af140	1157	manifest.en.webmanifest	/manifest.en.webmanifest
9d2cd25665bcece68fa5dda2c3800e4eba96f14d6acc0c317c1654a79069f62f	1411	manifest.ja.webmanifest	/manifest.ja.webmanifest
9d6cea552d81893ad523d52d77dc9c65370cbf976325c85b9d315be9a1fea15c	1407	manifest.ko.webmanifest	/manifest.ko.webmanifest
04e893f55ea9fb1cf42b840d032eb0ae12d1a6cef35084fca282900f8db591d6	1247	manifest.zh-Hant.webmanifest	/manifest.zh-Hant.webmanifest
1f9d6c788ddab960a8c3dc1b12d902b3b9d53b552980dbd5b582e742d84c156f	19744	pages/faq.html	/faq
cd466623add6fe04a3012820a70831c3aa2eeb2773e68f2c5734eca79f3f82fc	28100	pages/guide-editor.html	/guide/editor
89e949e311cf29f4470cd140b2b05b74fb12a581332e7a4871267ef706c8e6ed	18503	pages/guide-keys.html	/guide/keys
ca500108da84dfd314aade7979986d45a84acfff99d6ccfd8f0fa35db82c1365	15519	pages/guide-midi.html	/guide/midi
58501885c3a04f19fdb82e4fe06907d646edb8de64b88c2a467b3b8c60690dca	16568	pages/guide-mml.html	/guide/mml
1b36fe06c5320bc3534c3369bd6de75d7e6984fbae71a0455b5b55c04b5097bd	23324	pages/guide-mobile.html	/guide/mobile
16440fdc2e0188c28cbc367029ecacdf9dc3b09b629e03156ad68adfbe4ec2b1	61705	pages/guide-reference.html	/guide/reference
cbdcb7f211118ca1969035d361670aa8a717357772ac85d08a2763f4c7779aa8	54004	pages/index.en.html	/en/
f2ff72a73d280d537eb5b753572737e77a64e9d282ec11bf3b712a95cd4f737d	58750	pages/index.ja.html	/ja/
69421d6a04cbeafd57857dc9591ba15499c37637836cd02fc7093e32cd78b349	57068	pages/index.ko.html	/ko/
231d0981bad516908bb2dd510c56b9c304a1aaa6bc8e9e256eb72c7be53b64bd	53031	pages/index.zh-Hant.html	/
cee1568aa8a7bbd65a9b693e07fc10ce5d9eeab51b5a9a3cce08ebc94c7829c3	17784	pages/privacy.html	/privacy
8d55f4bdbf99b1d98bb348d32fb17b60f95c502c699c17dcf0e56791f81c4743	52984	pages/shell.en.html	/en/shell
8457834209a8097e9434326c499dfcca9a5f6555b991f7069ec65d6f084d8689	57425	pages/shell.ja.html	/ja/shell
7b13f0c531fda47d5dd09520374b38adbeaf9710bc2404b35e9b6186eac1bea9	55811	pages/shell.ko.html	/ko/shell
97f3bb485ede6ce0d2e331fa7e234c51fddcb515778284cd2cdb7266da0ee776	51878	pages/shell.zh-Hant.html	/shell
faad39e6a629f17d927e1788b271dc739f9843c66d2df048b3a7b627e7f5cd8d	17088	pages/terms.html	/terms
97f3bb485ede6ce0d2e331fa7e234c51fddcb515778284cd2cdb7266da0ee776	51878	shell	/shell
4be22a8d744b1d66aa440fda25363dc986d59d7668a339b84ccd0c67f97a3746	15239	sw.js	/sw.js
31cb41c8b1711d9ddba595393ad5bf8fc0399bc3bbc2c44de7f01526c2f63362	1876	worklet-boot.js	/worklet-boot.js
